text,timestamp,source
The new software update is causing crazy battery drain on my phone. [Post ID: 0],2026-06-24 17:16:02,reddit/r/technology
Absolutely love the UI design of the new smart display. So clean! [Post ID: 1],2026-06-24 16:16:02,reddit/r/technology
Terrible customer service. The screen cracked and they refused to replace it. [Post ID: 2],2026-06-24 15:16:02,reddit/r/technology
Battery life drops 20% in an hour after patching. Do not update yet! [Post ID: 3],2026-06-24 14:16:02,reddit/r/technology
The interface layout is a massive step backwards compared to last version. [Post ID: 4],2026-06-24 13:16:02,reddit/r/technology
"Fast charging is amazing, but the phone gets incredibly hot. [Post ID: 5]",2026-06-24 12:16:02,reddit/r/technology
The new software update is causing crazy battery drain on my phone. [Post ID: 6],2026-06-24 11:16:02,reddit/r/technology
Absolutely love the UI design of the new smart display. So clean! [Post ID: 7],2026-06-24 10:16:02,reddit/r/technology
Terrible customer service. The screen cracked and they refused to replace it. [Post ID: 8],2026-06-24 09:16:02,reddit/r/technology
Battery life drops 20% in an hour after patching. Do not update yet! [Post ID: 9],2026-06-24 08:16:02,reddit/r/technology
The interface layout is a massive step backwards compared to last version. [Post ID: 10],2026-06-24 07:16:02,reddit/r/technology
"Fast charging is amazing, but the phone gets incredibly hot. [Post ID: 11]",2026-06-24 06:16:02,reddit/r/technology
The new software update is causing crazy battery drain on my phone. [Post ID: 12],2026-06-24 05:16:02,reddit/r/technology
Absolutely love the UI design of the new smart display. So clean! [Post ID: 13],2026-06-24 04:16:02,reddit/r/technology
Terrible customer service. The screen cracked and they refused to replace it. [Post ID: 14],2026-06-24 03:16:02,reddit/r/technology
Battery life drops 20% in an hour after patching. Do not update yet! [Post ID: 15],2026-06-24 02:16:02,reddit/r/technology
The interface layout is a massive step backwards compared to last version. [Post ID: 16],2026-06-24 01:16:02,reddit/r/technology
"Fast charging is amazing, but the phone gets incredibly hot. [Post ID: 17]",2026-06-24 00:16:02,reddit/r/technology
The new software update is causing crazy battery drain on my phone. [Post ID: 18],2026-06-23 23:16:02,reddit/r/technology
Absolutely love the UI design of the new smart display. So clean! [Post ID: 19],2026-06-23 22:16:02,reddit/r/technology
Terrible customer service. The screen cracked and they refused to replace it. [Post ID: 20],2026-06-23 21:16:02,reddit/r/technology
Battery life drops 20% in an hour after patching. Do not update yet! [Post ID: 21],2026-06-23 20:16:02,reddit/r/technology
The interface layout is a massive step backwards compared to last version. [Post ID: 22],2026-06-23 19:16:02,reddit/r/technology
"Fast charging is amazing, but the phone gets incredibly hot. [Post ID: 23]",2026-06-23 18:16:02,reddit/r/technology
The new software update is causing crazy battery drain on my phone. [Post ID: 24],2026-06-23 17:16:02,reddit/r/technology
Absolutely love the UI design of the new smart display. So clean! [Post ID: 25],2026-06-23 16:16:02,reddit/r/technology
Terrible customer service. The screen cracked and they refused to replace it. [Post ID: 26],2026-06-23 15:16:02,reddit/r/technology
Battery life drops 20% in an hour after patching. Do not update yet! [Post ID: 27],2026-06-23 14:16:02,reddit/r/technology
The interface layout is a massive step backwards compared to last version. [Post ID: 28],2026-06-23 13:16:02,reddit/r/technology
"Fast charging is amazing, but the phone gets incredibly hot. [Post ID: 29]",2026-06-23 12:16:02,reddit/r/technology
The new software update is causing crazy battery drain on my phone. [Post ID: 30],2026-06-23 11:16:02,reddit/r/technology
Absolutely love the UI design of the new smart display. So clean! [Post ID: 31],2026-06-23 10:16:02,reddit/r/technology
Terrible customer service. The screen cracked and they refused to replace it. [Post ID: 32],2026-06-23 09:16:02,reddit/r/technology
Battery life drops 20% in an hour after patching. Do not update yet! [Post ID: 33],2026-06-23 08:16:02,reddit/r/technology
The interface layout is a massive step backwards compared to last version. [Post ID: 34],2026-06-23 07:16:02,reddit/r/technology
"Fast charging is amazing, but the phone gets incredibly hot. [Post ID: 35]",2026-06-23 06:16:02,reddit/r/technology
The new software update is causing crazy battery drain on my phone. [Post ID: 36],2026-06-23 05:16:02,reddit/r/technology
Absolutely love the UI design of the new smart display. So clean! [Post ID: 37],2026-06-23 04:16:02,reddit/r/technology
Terrible customer service. The screen cracked and they refused to replace it. [Post ID: 38],2026-06-23 03:16:02,reddit/r/technology
Battery life drops 20% in an hour after patching. Do not update yet! [Post ID: 39],2026-06-23 02:16:02,reddit/r/technology
The interface layout is a massive step backwards compared to last version. [Post ID: 40],2026-06-23 01:16:02,reddit/r/technology
"Fast charging is amazing, but the phone gets incredibly hot. [Post ID: 41]",2026-06-23 00:16:02,reddit/r/technology
The new software update is causing crazy battery drain on my phone. [Post ID: 42],2026-06-22 23:16:02,reddit/r/technology
Absolutely love the UI design of the new smart display. So clean! [Post ID: 43],2026-06-22 22:16:02,reddit/r/technology
Terrible customer service. The screen cracked and they refused to replace it. [Post ID: 44],2026-06-22 21:16:02,reddit/r/technology
Battery life drops 20% in an hour after patching. Do not update yet! [Post ID: 45],2026-06-22 20:16:02,reddit/r/technology
The interface layout is a massive step backwards compared to last version. [Post ID: 46],2026-06-22 19:16:02,reddit/r/technology
"Fast charging is amazing, but the phone gets incredibly hot. [Post ID: 47]",2026-06-22 18:16:02,reddit/r/technology
The new software update is causing crazy battery drain on my phone. [Post ID: 48],2026-06-22 17:16:02,reddit/r/technology
Absolutely love the UI design of the new smart display. So clean! [Post ID: 49],2026-06-22 16:16:02,reddit/r/technology
Terrible customer service. The screen cracked and they refused to replace it. [Post ID: 50],2026-06-22 15:16:02,reddit/r/technology
Battery life drops 20% in an hour after patching. Do not update yet! [Post ID: 51],2026-06-22 14:16:02,reddit/r/technology
The interface layout is a massive step backwards compared to last version. [Post ID: 52],2026-06-22 13:16:02,reddit/r/technology
"Fast charging is amazing, but the phone gets incredibly hot. [Post ID: 53]",2026-06-22 12:16:02,reddit/r/technology
The new software update is causing crazy battery drain on my phone. [Post ID: 54],2026-06-22 11:16:02,reddit/r/technology
Absolutely love the UI design of the new smart display. So clean! [Post ID: 55],2026-06-22 10:16:02,reddit/r/technology
Terrible customer service. The screen cracked and they refused to replace it. [Post ID: 56],2026-06-22 09:16:02,reddit/r/technology
Battery life drops 20% in an hour after patching. Do not update yet! [Post ID: 57],2026-06-22 08:16:02,reddit/r/technology
The interface layout is a massive step backwards compared to last version. [Post ID: 58],2026-06-22 07:16:02,reddit/r/technology
"Fast charging is amazing, but the phone gets incredibly hot. [Post ID: 59]",2026-06-22 06:16:02,reddit/r/technology
The new software update is causing crazy battery drain on my phone. [Post ID: 60],2026-06-22 05:16:02,reddit/r/technology
Absolutely love the UI design of the new smart display. So clean! [Post ID: 61],2026-06-22 04:16:02,reddit/r/technology
Terrible customer service. The screen cracked and they refused to replace it. [Post ID: 62],2026-06-22 03:16:02,reddit/r/technology
Battery life drops 20% in an hour after patching. Do not update yet! [Post ID: 63],2026-06-22 02:16:02,reddit/r/technology
The interface layout is a massive step backwards compared to last version. [Post ID: 64],2026-06-22 01:16:02,reddit/r/technology
"Fast charging is amazing, but the phone gets incredibly hot. [Post ID: 65]",2026-06-22 00:16:02,reddit/r/technology
The new software update is causing crazy battery drain on my phone. [Post ID: 66],2026-06-21 23:16:02,reddit/r/technology
Absolutely love the UI design of the new smart display. So clean! [Post ID: 67],2026-06-21 22:16:02,reddit/r/technology
Terrible customer service. The screen cracked and they refused to replace it. [Post ID: 68],2026-06-21 21:16:02,reddit/r/technology
Battery life drops 20% in an hour after patching. Do not update yet! [Post ID: 69],2026-06-21 20:16:02,reddit/r/technology
The interface layout is a massive step backwards compared to last version. [Post ID: 70],2026-06-21 19:16:02,reddit/r/technology
"Fast charging is amazing, but the phone gets incredibly hot. [Post ID: 71]",2026-06-21 18:16:02,reddit/r/technology
The new software update is causing crazy battery drain on my phone. [Post ID: 72],2026-06-21 17:16:02,reddit/r/technology
Absolutely love the UI design of the new smart display. So clean! [Post ID: 73],2026-06-21 16:16:02,reddit/r/technology
Terrible customer service. The screen cracked and they refused to replace it. [Post ID: 74],2026-06-21 15:16:02,reddit/r/technology
Battery life drops 20% in an hour after patching. Do not update yet! [Post ID: 75],2026-06-21 14:16:02,reddit/r/technology
The interface layout is a massive step backwards compared to last version. [Post ID: 76],2026-06-21 13:16:02,reddit/r/technology
"Fast charging is amazing, but the phone gets incredibly hot. [Post ID: 77]",2026-06-21 12:16:02,reddit/r/technology
The new software update is causing crazy battery drain on my phone. [Post ID: 78],2026-06-21 11:16:02,reddit/r/technology
Absolutely love the UI design of the new smart display. So clean! [Post ID: 79],2026-06-21 10:16:02,reddit/r/technology
Terrible customer service. The screen cracked and they refused to replace it. [Post ID: 80],2026-06-21 09:16:02,reddit/r/technology
Battery life drops 20% in an hour after patching. Do not update yet! [Post ID: 81],2026-06-21 08:16:02,reddit/r/technology
The interface layout is a massive step backwards compared to last version. [Post ID: 82],2026-06-21 07:16:02,reddit/r/technology
"Fast charging is amazing, but the phone gets incredibly hot. [Post ID: 83]",2026-06-21 06:16:02,reddit/r/technology
The new software update is causing crazy battery drain on my phone. [Post ID: 84],2026-06-21 05:16:02,reddit/r/technology
Absolutely love the UI design of the new smart display. So clean! [Post ID: 85],2026-06-21 04:16:02,reddit/r/technology
Terrible customer service. The screen cracked and they refused to replace it. [Post ID: 86],2026-06-21 03:16:02,reddit/r/technology
Battery life drops 20% in an hour after patching. Do not update yet! [Post ID: 87],2026-06-21 02:16:02,reddit/r/technology
The interface layout is a massive step backwards compared to last version. [Post ID: 88],2026-06-21 01:16:02,reddit/r/technology
"Fast charging is amazing, but the phone gets incredibly hot. [Post ID: 89]",2026-06-21 00:16:02,reddit/r/technology
The new software update is causing crazy battery drain on my phone. [Post ID: 90],2026-06-20 23:16:02,reddit/r/technology
Absolutely love the UI design of the new smart display. So clean! [Post ID: 91],2026-06-20 22:16:02,reddit/r/technology
Terrible customer service. The screen cracked and they refused to replace it. [Post ID: 92],2026-06-20 21:16:02,reddit/r/technology
Battery life drops 20% in an hour after patching. Do not update yet! [Post ID: 93],2026-06-20 20:16:02,reddit/r/technology
The interface layout is a massive step backwards compared to last version. [Post ID: 94],2026-06-20 19:16:02,reddit/r/technology
"Fast charging is amazing, but the phone gets incredibly hot. [Post ID: 95]",2026-06-20 18:16:02,reddit/r/technology
The new software update is causing crazy battery drain on my phone. [Post ID: 96],2026-06-20 17:16:02,reddit/r/technology
Absolutely love the UI design of the new smart display. So clean! [Post ID: 97],2026-06-20 16:16:02,reddit/r/technology
Terrible customer service. The screen cracked and they refused to replace it. [Post ID: 98],2026-06-20 15:16:02,reddit/r/technology
Battery life drops 20% in an hour after patching. Do not update yet! [Post ID: 99],2026-06-20 14:16:02,reddit/r/technology
The interface layout is a massive step backwards compared to last version. [Post ID: 100],2026-06-20 13:16:02,reddit/r/technology
"Fast charging is amazing, but the phone gets incredibly hot. [Post ID: 101]",2026-06-20 12:16:02,reddit/r/technology
The new software update is causing crazy battery drain on my phone. [Post ID: 102],2026-06-20 11:16:02,reddit/r/technology
Absolutely love the UI design of the new smart display. So clean! [Post ID: 103],2026-06-20 10:16:02,reddit/r/technology
Terrible customer service. The screen cracked and they refused to replace it. [Post ID: 104],2026-06-20 09:16:02,reddit/r/technology
Battery life drops 20% in an hour after patching. Do not update yet! [Post ID: 105],2026-06-20 08:16:02,reddit/r/technology
The interface layout is a massive step backwards compared to last version. [Post ID: 106],2026-06-20 07:16:02,reddit/r/technology
"Fast charging is amazing, but the phone gets incredibly hot. [Post ID: 107]",2026-06-20 06:16:02,reddit/r/technology
The new software update is causing crazy battery drain on my phone. [Post ID: 108],2026-06-20 05:16:02,reddit/r/technology
Absolutely love the UI design of the new smart display. So clean! [Post ID: 109],2026-06-20 04:16:02,reddit/r/technology
Terrible customer service. The screen cracked and they refused to replace it. [Post ID: 110],2026-06-20 03:16:02,reddit/r/technology
Battery life drops 20% in an hour after patching. Do not update yet! [Post ID: 111],2026-06-20 02:16:02,reddit/r/technology
The interface layout is a massive step backwards compared to last version. [Post ID: 112],2026-06-20 01:16:02,reddit/r/technology
"Fast charging is amazing, but the phone gets incredibly hot. [Post ID: 113]",2026-06-20 00:16:02,reddit/r/technology
The new software update is causing crazy battery drain on my phone. [Post ID: 114],2026-06-19 23:16:02,reddit/r/technology
Absolutely love the UI design of the new smart display. So clean! [Post ID: 115],2026-06-19 22:16:02,reddit/r/technology
Terrible customer service. The screen cracked and they refused to replace it. [Post ID: 116],2026-06-19 21:16:02,reddit/r/technology
Battery life drops 20% in an hour after patching. Do not update yet! [Post ID: 117],2026-06-19 20:16:02,reddit/r/technology
The interface layout is a massive step backwards compared to last version. [Post ID: 118],2026-06-19 19:16:02,reddit/r/technology
"Fast charging is amazing, but the phone gets incredibly hot. [Post ID: 119]",2026-06-19 18:16:02,reddit/r/technology
The new software update is causing crazy battery drain on my phone. [Post ID: 120],2026-06-19 17:16:02,reddit/r/technology
Absolutely love the UI design of the new smart display. So clean! [Post ID: 121],2026-06-19 16:16:02,reddit/r/technology
Terrible customer service. The screen cracked and they refused to replace it. [Post ID: 122],2026-06-19 15:16:02,reddit/r/technology
Battery life drops 20% in an hour after patching. Do not update yet! [Post ID: 123],2026-06-19 14:16:02,reddit/r/technology
The interface layout is a massive step backwards compared to last version. [Post ID: 124],2026-06-19 13:16:02,reddit/r/technology
"Fast charging is amazing, but the phone gets incredibly hot. [Post ID: 125]",2026-06-19 12:16:02,reddit/r/technology
The new software update is causing crazy battery drain on my phone. [Post ID: 126],2026-06-19 11:16:02,reddit/r/technology
Absolutely love the UI design of the new smart display. So clean! [Post ID: 127],2026-06-19 10:16:02,reddit/r/technology
Terrible customer service. The screen cracked and they refused to replace it. [Post ID: 128],2026-06-19 09:16:02,reddit/r/technology
Battery life drops 20% in an hour after patching. Do not update yet! [Post ID: 129],2026-06-19 08:16:02,reddit/r/technology
The interface layout is a massive step backwards compared to last version. [Post ID: 130],2026-06-19 07:16:02,reddit/r/technology
"Fast charging is amazing, but the phone gets incredibly hot. [Post ID: 131]",2026-06-19 06:16:02,reddit/r/technology
The new software update is causing crazy battery drain on my phone. [Post ID: 132],2026-06-19 05:16:02,reddit/r/technology
Absolutely love the UI design of the new smart display. So clean! [Post ID: 133],2026-06-19 04:16:02,reddit/r/technology
Terrible customer service. The screen cracked and they refused to replace it. [Post ID: 134],2026-06-19 03:16:02,reddit/r/technology
Battery life drops 20% in an hour after patching. Do not update yet! [Post ID: 135],2026-06-19 02:16:02,reddit/r/technology
The interface layout is a massive step backwards compared to last version. [Post ID: 136],2026-06-19 01:16:02,reddit/r/technology
"Fast charging is amazing, but the phone gets incredibly hot. [Post ID: 137]",2026-06-19 00:16:02,reddit/r/technology
The new software update is causing crazy battery drain on my phone. [Post ID: 138],2026-06-18 23:16:02,reddit/r/technology
Absolutely love the UI design of the new smart display. So clean! [Post ID: 139],2026-06-18 22:16:02,reddit/r/technology
Terrible customer service. The screen cracked and they refused to replace it. [Post ID: 140],2026-06-18 21:16:02,reddit/r/technology
Battery life drops 20% in an hour after patching. Do not update yet! [Post ID: 141],2026-06-18 20:16:02,reddit/r/technology
The interface layout is a massive step backwards compared to last version. [Post ID: 142],2026-06-18 19:16:02,reddit/r/technology
"Fast charging is amazing, but the phone gets incredibly hot. [Post ID: 143]",2026-06-18 18:16:02,reddit/r/technology
The new software update is causing crazy battery drain on my phone. [Post ID: 144],2026-06-18 17:16:02,reddit/r/technology
Absolutely love the UI design of the new smart display. So clean! [Post ID: 145],2026-06-18 16:16:02,reddit/r/technology
Terrible customer service. The screen cracked and they refused to replace it. [Post ID: 146],2026-06-18 15:16:02,reddit/r/technology
Battery life drops 20% in an hour after patching. Do not update yet! [Post ID: 147],2026-06-18 14:16:02,reddit/r/technology
The interface layout is a massive step backwards compared to last version. [Post ID: 148],2026-06-18 13:16:02,reddit/r/technology
"Fast charging is amazing, but the phone gets incredibly hot. [Post ID: 149]",2026-06-18 12:16:02,reddit/r/technology
The new software update is causing crazy battery drain on my phone. [Post ID: 150],2026-06-18 11:16:02,reddit/r/technology
Absolutely love the UI design of the new smart display. So clean! [Post ID: 151],2026-06-18 10:16:02,reddit/r/technology
Terrible customer service. The screen cracked and they refused to replace it. [Post ID: 152],2026-06-18 09:16:02,reddit/r/technology
Battery life drops 20% in an hour after patching. Do not update yet! [Post ID: 153],2026-06-18 08:16:02,reddit/r/technology
The interface layout is a massive step backwards compared to last version. [Post ID: 154],2026-06-18 07:16:02,reddit/r/technology
"Fast charging is amazing, but the phone gets incredibly hot. [Post ID: 155]",2026-06-18 06:16:02,reddit/r/technology
The new software update is causing crazy battery drain on my phone. [Post ID: 156],2026-06-18 05:16:02,reddit/r/technology
Absolutely love the UI design of the new smart display. So clean! [Post ID: 157],2026-06-18 04:16:02,reddit/r/technology
Terrible customer service. The screen cracked and they refused to replace it. [Post ID: 158],2026-06-18 03:16:02,reddit/r/technology
Battery life drops 20% in an hour after patching. Do not update yet! [Post ID: 159],2026-06-18 02:16:02,reddit/r/technology
The interface layout is a massive step backwards compared to last version. [Post ID: 160],2026-06-18 01:16:02,reddit/r/technology
"Fast charging is amazing, but the phone gets incredibly hot. [Post ID: 161]",2026-06-18 00:16:02,reddit/r/technology
The new software update is causing crazy battery drain on my phone. [Post ID: 162],2026-06-17 23:16:02,reddit/r/technology
Absolutely love the UI design of the new smart display. So clean! [Post ID: 163],2026-06-17 22:16:02,reddit/r/technology
Terrible customer service. The screen cracked and they refused to replace it. [Post ID: 164],2026-06-17 21:16:02,reddit/r/technology
Battery life drops 20% in an hour after patching. Do not update yet! [Post ID: 165],2026-06-17 20:16:02,reddit/r/technology
The interface layout is a massive step backwards compared to last version. [Post ID: 166],2026-06-17 19:16:02,reddit/r/technology
"Fast charging is amazing, but the phone gets incredibly hot. [Post ID: 167]",2026-06-17 18:16:02,reddit/r/technology
The new software update is causing crazy battery drain on my phone. [Post ID: 168],2026-06-17 17:16:02,reddit/r/technology
Absolutely love the UI design of the new smart display. So clean! [Post ID: 169],2026-06-17 16:16:02,reddit/r/technology
Terrible customer service. The screen cracked and they refused to replace it. [Post ID: 170],2026-06-17 15:16:02,reddit/r/technology
Battery life drops 20% in an hour after patching. Do not update yet! [Post ID: 171],2026-06-17 14:16:02,reddit/r/technology
The interface layout is a massive step backwards compared to last version. [Post ID: 172],2026-06-17 13:16:02,reddit/r/technology
"Fast charging is amazing, but the phone gets incredibly hot. [Post ID: 173]",2026-06-17 12:16:02,reddit/r/technology
The new software update is causing crazy battery drain on my phone. [Post ID: 174],2026-06-17 11:16:02,reddit/r/technology
Absolutely love the UI design of the new smart display. So clean! [Post ID: 175],2026-06-17 10:16:02,reddit/r/technology
Terrible customer service. The screen cracked and they refused to replace it. [Post ID: 176],2026-06-17 09:16:02,reddit/r/technology
Battery life drops 20% in an hour after patching. Do not update yet! [Post ID: 177],2026-06-17 08:16:02,reddit/r/technology
The interface layout is a massive step backwards compared to last version. [Post ID: 178],2026-06-17 07:16:02,reddit/r/technology
"Fast charging is amazing, but the phone gets incredibly hot. [Post ID: 179]",2026-06-17 06:16:02,reddit/r/technology
The new software update is causing crazy battery drain on my phone. [Post ID: 180],2026-06-17 05:16:02,reddit/r/technology
Absolutely love the UI design of the new smart display. So clean! [Post ID: 181],2026-06-17 04:16:02,reddit/r/technology
Terrible customer service. The screen cracked and they refused to replace it. [Post ID: 182],2026-06-17 03:16:02,reddit/r/technology
Battery life drops 20% in an hour after patching. Do not update yet! [Post ID: 183],2026-06-17 02:16:02,reddit/r/technology
The interface layout is a massive step backwards compared to last version. [Post ID: 184],2026-06-17 01:16:02,reddit/r/technology
"Fast charging is amazing, but the phone gets incredibly hot. [Post ID: 185]",2026-06-17 00:16:02,reddit/r/technology
The new software update is causing crazy battery drain on my phone. [Post ID: 186],2026-06-16 23:16:02,reddit/r/technology
Absolutely love the UI design of the new smart display. So clean! [Post ID: 187],2026-06-16 22:16:02,reddit/r/technology
Terrible customer service. The screen cracked and they refused to replace it. [Post ID: 188],2026-06-16 21:16:02,reddit/r/technology
Battery life drops 20% in an hour after patching. Do not update yet! [Post ID: 189],2026-06-16 20:16:02,reddit/r/technology
The interface layout is a massive step backwards compared to last version. [Post ID: 190],2026-06-16 19:16:02,reddit/r/technology
"Fast charging is amazing, but the phone gets incredibly hot. [Post ID: 191]",2026-06-16 18:16:02,reddit/r/technology
The new software update is causing crazy battery drain on my phone. [Post ID: 192],2026-06-16 17:16:02,reddit/r/technology
Absolutely love the UI design of the new smart display. So clean! [Post ID: 193],2026-06-16 16:16:02,reddit/r/technology
Terrible customer service. The screen cracked and they refused to replace it. [Post ID: 194],2026-06-16 15:16:02,reddit/r/technology
Battery life drops 20% in an hour after patching. Do not update yet! [Post ID: 195],2026-06-16 14:16:02,reddit/r/technology
The interface layout is a massive step backwards compared to last version. [Post ID: 196],2026-06-16 13:16:02,reddit/r/technology
"Fast charging is amazing, but the phone gets incredibly hot. [Post ID: 197]",2026-06-16 12:16:02,reddit/r/technology
The new software update is causing crazy battery drain on my phone. [Post ID: 198],2026-06-16 11:16:02,reddit/r/technology
Absolutely love the UI design of the new smart display. So clean! [Post ID: 199],2026-06-16 10:16:02,reddit/r/technology
